Store1-Dept1-2010-February,131963.08
Store1-Dept1-2010-March,91237.14
Store1-Dept1-2010-April,150516.76
Store1-Dept1-2010-May,66694.15
Store1-Dept1-2010-June,66740.70
Store1-Dept1-2010-July,81915.01
Store1-Dept1-2010-August,64578.81
Store1-Dept1-2010-September,71913.27
Store1-Dept1-2010-October,134644.53
Store1-Dept1-2010-November,92161.40
Store1-Dept1-2010-December,173983.88
Store1-Dept1-2011-January,69146.59
Store1-Dept1-2011-February,125762.63
Store1-Dept1-2011-March,82823.34
Store1-Dept1-2011-April,165056.95
Store1-Dept1-2011-May,68251.72
Store1-Dept1-2011-June,62978.57
Store1-Dept1-2011-July,78856.23
Store1-Dept1-2011-August,59061.95
Store1-Dept1-2011-September,87756.41
Store1-Dept1-2011-October,98806.83
Store1-Dept1-2011-November,98537.51
Store1-Dept1-2011-December,174512.07
Store1-Dept1-2012-January,70205.35
Store1-Dept1-2012-February,134683.30
Store1-Dept1-2012-March,114680.54
Store1-Dept1-2012-April,125600.12
Store1-Dept1-2012-May,70792.98
Store1-Dept1-2012-June,83646.54
Store1-Dept1-2012-July,66468.79
Store1-Dept1-2012-August,83045.57
Store1-Dept1-2012-September,76137.90
Store1-Dept1-2012-October,96244.56
Store1-Dept2-2010-February,187509.77
Store1-Dept2-2010-March,177657.96
Store1-Dept2-2010-April,229414.66
Store1-Dept2-2010-May,180517.29
Store1-Dept2-2010-June,185572.64
Store1-Dept2-2010-July,228766.14
Store1-Dept2-2010-August,194885.12
Store1-Dept2-2010-September,181356.68
Store1-Dept2-2010-October,221780.16
Store1-Dept2-2010-November,176701.15
Store1-Dept2-2010-December,236373.27
Store1-Dept2-2011-January,166307.69
Store1-Dept2-2011-February,189791.78
Store1-Dept2-2011-March,191017.10
Store1-Dept2-2011-April,230185.08
Store1-Dept2-2011-May,183788.29
Store1-Dept2-2011-June,179563.64
Store1-Dept2-2011-July,221436.51
Store1-Dept2-2011-August,188752.72
Store1-Dept2-2011-September,225135.59
Store1-Dept2-2011-October,177357.14
Store1-Dept2-2011-November,180507.46
Store1-Dept2-2011-December,255578.29
Store1-Dept2-2012-January,173144.13
Store1-Dept2-2012-February,198068.89
Store1-Dept2-2012-March,239844.23
Store1-Dept2-2012-April,186815.14
Store1-Dept2-2012-May,187447.36
Store1-Dept2-2012-June,237206.49
Store1-Dept2-2012-July,184300.31
Store1-Dept2-2012-August,238472.96
Store1-Dept2-2012-September,181163.94
Store1-Dept2-2012-October,176179.35
Store1-Dept3-2010-February,47286.60
Store1-Dept3-2010-March,41767.25
Store1-Dept3-2010-April,48769.54
Store1-Dept3-2010-May,33519.26
Store1-Dept3-2010-June,30536.44
Store1-Dept3-2010-July,67568.42
Store1-Dept3-2010-August,149620.66
Store1-Dept3-2010-September,50036.87
Store1-Dept3-2010-October,47490.20
Store1-Dept3-2010-November,38880.91
Store1-Dept3-2010-December,54409.97
Store1-Dept3-2011-January,53600.30
Store1-Dept3-2011-February,44639.53
Store1-Dept3-2011-March,38926.80
Store1-Dept3-2011-April,44486.83
Store1-Dept3-2011-May,35213.09
Store1-Dept3-2011-June,30187.08
Store1-Dept3-2011-July,64416.26
Store1-Dept3-2011-August,154776.54
Store1-Dept3-2011-September,62986.02
Store1-Dept3-2011-October,39406.16
Store1-Dept3-2011-November,38570.76
Store1-Dept3-2011-December,58798.46
Store1-Dept3-2012-January,50063.78
Store1-Dept3-2012-February,45614.81
Store1-Dept3-2012-March,49198.20
Store1-Dept3-2012-April,34545.95
Store1-Dept3-2012-May,37953.22
Store1-Dept3-2012-June,38685.67
Store1-Dept3-2012-July,64443.51
Store1-Dept3-2012-August,184909.04
Store1-Dept3-2012-September,59146.31
Store1-Dept3-2012-October,40063.92
Store1-Dept4-2010-February,146792.36
Store1-Dept4-2010-March,138745.04
Store1-Dept4-2010-April,175968.62
Store1-Dept4-2010-May,142777.87
Store1-Dept4-2010-June,146642.36
Store1-Dept4-2010-July,187834.21
Store1-Dept4-2010-August,153546.24
Store1-Dept4-2010-September,141422.10
Store1-Dept4-2010-October,173483.24
Store1-Dept4-2010-November,156268.46
Store1-Dept4-2010-December,197436.30
Store1-Dept4-2011-January,138983.21
Store1-Dept4-2011-February,143400.25
Store1-Dept4-2011-March,142849.23
Store1-Dept4-2011-April,174094.48
Store1-Dept4-2011-May,142227.63
Store1-Dept4-2011-June,148469.27
Store1-Dept4-2011-July,179718.02
Store1-Dept4-2011-August,153433.10
Store1-Dept4-2011-September,171289.03
Store1-Dept4-2011-October,140599.74
Store1-Dept4-2011-November,160402.08
Store1-Dept4-2011-December,200642.56
Store1-Dept4-2012-January,144902.23
Store1-Dept4-2012-February,151084.27
Store1-Dept4-2012-March,189825.10
Store1-Dept4-2012-April,152754.04
Store1-Dept4-2012-May,150544.24
Store1-Dept4-2012-June,198869.64
Store1-Dept4-2012-July,156288.51
Store1-Dept4-2012-August,194232.76
Store1-Dept4-2012-September,143748.00
Store1-Dept4-2012-October,146599.90
Store1-Dept5-2010-February,112420.35
Store1-Dept5-2010-March,106185.52
Store1-Dept5-2010-April,106825.03
Store1-Dept5-2010-May,68093.87
Store1-Dept5-2010-June,83582.64
Store1-Dept5-2010-July,90841.41
Store1-Dept5-2010-August,61453.55
Store1-Dept5-2010-September,66069.07
Store1-Dept5-2010-October,99581.31
Store1-Dept5-2010-November,142478.05
Store1-Dept5-2010-December,263535.58
Store1-Dept5-2011-January,80701.83
Store1-Dept5-2011-February,122911.20
Store1-Dept5-2011-March,94011.65
Store1-Dept5-2011-April,108000.90
Store1-Dept5-2011-May,63972.55
Store1-Dept5-2011-June,75054.29
Store1-Dept5-2011-July,92412.32
Store1-Dept5-2011-August,76626.12
Store1-Dept5-2011-September,95842.66
Store1-Dept5-2011-October,112362.08
Store1-Dept5-2011-November,169638.24
Store1-Dept5-2011-December,214299.68
Store1-Dept5-2012-January,83062.26
Store1-Dept5-2012-February,143421.31
Store1-Dept5-2012-March,133314.68
Store1-Dept5-2012-April,80660.54
Store1-Dept5-2012-May,72812.10
Store1-Dept5-2012-June,107934.01
Store1-Dept5-2012-July,69775.95
Store1-Dept5-2012-August,92350.38
Store1-Dept5-2012-September,85964.84
Store1-Dept5-2012-October,92689.61
Store2-Dept1-2010-February,179701.60
Store2-Dept1-2010-March,116693.83
Store2-Dept1-2010-April,216863.98
Store2-Dept1-2010-May,97656.87
Store2-Dept1-2010-June,96094.10
Store2-Dept1-2010-July,115127.38
Store2-Dept1-2010-August,88120.20
Store2-Dept1-2010-September,102005.64
Store2-Dept1-2010-October,191131.44
Store2-Dept1-2010-November,117870.28
Store2-Dept1-2010-December,250632.86
Store2-Dept1-2011-January,89802.41
Store2-Dept1-2011-February,166327.75
Store2-Dept1-2011-March,100873.85
Store2-Dept1-2011-April,217430.61
Store2-Dept1-2011-May,90067.73
Store2-Dept1-2011-June,87586.62
Store2-Dept1-2011-July,104794.55
Store2-Dept1-2011-August,84423.01
Store2-Dept1-2011-September,119322.87
Store2-Dept1-2011-October,134032.45
Store2-Dept1-2011-November,128346.53
Store2-Dept1-2011-December,243734.49
Store2-Dept1-2012-January,88281.45
Store2-Dept1-2012-February,173067.84
Store2-Dept1-2012-March,145971.66
Store2-Dept1-2012-April,177047.05
Store2-Dept1-2012-May,97916.20
Store2-Dept1-2012-June,119655.56
Store2-Dept1-2012-July,94039.91
Store2-Dept1-2012-August,119090.70
Store2-Dept1-2012-September,105167.37
Store2-Dept1-2012-October,142372.46
Store2-Dept2-2010-February,275966.10
Store2-Dept2-2010-March,259127.86
Store2-Dept2-2010-April,329279.50
Store2-Dept2-2010-May,270093.64
Store2-Dept2-2010-June,279818.98
Store2-Dept2-2010-July,341878.10
Store2-Dept2-2010-August,278641.40
Store2-Dept2-2010-September,266183.57
Store2-Dept2-2010-October,320208.94
Store2-Dept2-2010-November,258619.91
Store2-Dept2-2010-December,350945.03
Store2-Dept2-2011-January,241647.82
Store2-Dept2-2011-February,266005.88
Store2-Dept2-2011-March,263223.86
Store2-Dept2-2011-April,317346.35
Store2-Dept2-2011-May,252893.27
Store2-Dept2-2011-June,260836.01
Store2-Dept2-2011-July,319106.49
Store2-Dept2-2011-August,271383.06
Store2-Dept2-2011-September,308651.31
Store2-Dept2-2011-October,247400.13
Store2-Dept2-2011-November,253198.11
Store2-Dept2-2011-December,351215.17
Store2-Dept2-2012-January,246972.33
Store2-Dept2-2012-February,276966.28
Store2-Dept2-2012-March,333717.47
Store2-Dept2-2012-April,260698.78
Store2-Dept2-2012-May,259164.46
Store2-Dept2-2012-June,338185.13
Store2-Dept2-2012-July,267777.23
Store2-Dept2-2012-August,346511.54
Store2-Dept2-2012-September,258109.11
Store2-Dept2-2012-October,253775.10
Store2-Dept3-2010-February,60937.44
Store2-Dept3-2010-March,50758.24
Store2-Dept3-2010-April,61554.83
Store2-Dept3-2010-May,43667.41
Store2-Dept3-2010-June,45235.19
Store2-Dept3-2010-July,105914.25
Store2-Dept3-2010-August,219528.65
Store2-Dept3-2010-September,70183.80
Store2-Dept3-2010-October,61061.60
Store2-Dept3-2010-November,50375.84
Store2-Dept3-2010-December,80302.23
Store2-Dept3-2011-January,58863.28
Store2-Dept3-2011-February,48587.12
Store2-Dept3-2011-March,43042.81
Store2-Dept3-2011-April,55579.48
Store2-Dept3-2011-May,45047.73
Store2-Dept3-2011-June,43541.93
Store2-Dept3-2011-July,100311.95
Store2-Dept3-2011-August,222965.59
Store2-Dept3-2011-September,81157.74
Store2-Dept3-2011-October,48972.96
Store2-Dept3-2011-November,46351.86
Store2-Dept3-2011-December,83790.17
Store2-Dept3-2012-January,64455.79
Store2-Dept3-2012-February,58288.71
Store2-Dept3-2012-March,56690.72
Store2-Dept3-2012-April,42948.31
Store2-Dept3-2012-May,44745.49
Store2-Dept3-2012-June,54788.64
Store2-Dept3-2012-July,87698.25
Store2-Dept3-2012-August,253509.72
Store2-Dept3-2012-September,63474.41
Store2-Dept3-2012-October,44816.42
Store2-Dept4-2010-February,180137.76
Store2-Dept4-2010-March,175504.92
Store2-Dept4-2010-April,223229.66
Store2-Dept4-2010-May,185303.39
Store2-Dept4-2010-June,185346.06
Store2-Dept4-2010-July,232716.57
Store2-Dept4-2010-August,192518.07
Store2-Dept4-2010-September,180778.98
Store2-Dept4-2010-October,223138.80
Store2-Dept4-2010-November,206361.52
Store2-Dept4-2010-December,253770.67
Store2-Dept4-2011-January,181701.34
Store2-Dept4-2011-February,185045.21
Store2-Dept4-2011-March,175347.36
Store2-Dept4-2011-April,211337.68
Store2-Dept4-2011-May,171868.70
Store2-Dept4-2011-June,175416.98
Store2-Dept4-2011-July,217815.50
Store2-Dept4-2011-August,185920.10
Store2-Dept4-2011-September,212800.93
Store2-Dept4-2011-October,170403.04
Store2-Dept4-2011-November,198488.50
Store2-Dept4-2011-December,241759.46
Store2-Dept4-2012-January,177160.97
Store2-Dept4-2012-February,179495.82
Store2-Dept4-2012-March,221269.84
Store2-Dept4-2012-April,181920.36
Store2-Dept4-2012-May,184284.49
Store2-Dept4-2012-June,232732.30
Store2-Dept4-2012-July,185630.65
Store2-Dept4-2012-August,237741.17
Store2-Dept4-2012-September,174415.59
Store2-Dept4-2012-October,180533.93
Store2-Dept5-2010-February,130018.73
Store2-Dept5-2010-March,148724.09
Store2-Dept5-2010-April,150552.56
Store2-Dept5-2010-May,91742.67
Store2-Dept5-2010-June,110977.97
Store2-Dept5-2010-July,119282.58
Store2-Dept5-2010-August,86699.57
Store2-Dept5-2010-September,90623.45
Store2-Dept5-2010-October,132395.96
Store2-Dept5-2010-November,197412.53
Store2-Dept5-2010-December,404667.64
Store2-Dept5-2011-January,98256.76
Store2-Dept5-2011-February,146541.71
Store2-Dept5-2011-March,117110.47
Store2-Dept5-2011-April,138004.90
Store2-Dept5-2011-May,80030.07
Store2-Dept5-2011-June,97113.91
Store2-Dept5-2011-July,103523.49
Store2-Dept5-2011-August,84339.70
Store2-Dept5-2011-September,109922.51
Store2-Dept5-2011-October,126073.09
Store2-Dept5-2011-November,215528.28
Store2-Dept5-2011-December,297817.66
Store2-Dept5-2012-January,95523.85
Store2-Dept5-2012-February,162127.35
Store2-Dept5-2012-March,141044.97
Store2-Dept5-2012-April,89030.04
Store2-Dept5-2012-May,79635.46
Store2-Dept5-2012-June,118364.35
Store2-Dept5-2012-July,78530.31
Store2-Dept5-2012-August,113767.31
Store2-Dept5-2012-September,98793.56
Store2-Dept5-2012-October,115232.59
Store3-Dept1-2010-February,33112.61
Store3-Dept1-2010-March,22451.25
Store3-Dept1-2010-April,37353.37
Store3-Dept1-2010-May,18177.50
Store3-Dept1-2010-June,18568.95
Store3-Dept1-2010-July,20303.94
Store3-Dept1-2010-August,15536.35
Store3-Dept1-2010-September,21796.78
Store3-Dept1-2010-October,38933.43
Store3-Dept1-2010-November,30290.06
Store3-Dept1-2010-December,48669.62
Store3-Dept1-2011-January,21538.47
Store3-Dept1-2011-February,39050.44
Store3-Dept1-2011-March,25658.05
Store3-Dept1-2011-April,47751.72
Store3-Dept1-2011-May,20938.10
Store3-Dept1-2011-June,19919.07
Store3-Dept1-2011-July,24406.58
Store3-Dept1-2011-August,20520.13
Store3-Dept1-2011-September,29864.29
Store3-Dept1-2011-October,36293.77
Store3-Dept1-2011-November,36624.51
Store3-Dept1-2011-December,55072.81
Store3-Dept1-2012-January,29749.53
Store3-Dept1-2012-February,46390.47
Store3-Dept1-2012-March,45523.56
Store3-Dept1-2012-April,44207.10
Store3-Dept1-2012-May,25266.70
Store3-Dept1-2012-June,34971.82
Store3-Dept1-2012-July,27393.23
Store3-Dept1-2012-August,33820.76
Store3-Dept1-2012-September,34811.42
Store3-Dept1-2012-October,43026.42
Store3-Dept2-2010-February,63532.36
Store3-Dept2-2010-March,60176.04
Store3-Dept2-2010-April,73728.08
Store3-Dept2-2010-May,61861.32
Store3-Dept2-2010-June,61269.49
Store3-Dept2-2010-July,74483.68
Store3-Dept2-2010-August,60016.08
Store3-Dept2-2010-September,59402.91
Store3-Dept2-2010-October,71946.56
Store3-Dept2-2010-November,61735.49
Store3-Dept2-2010-December,76228.19
Store3-Dept2-2011-January,58872.75
Store3-Dept2-2011-February,67450.83
Store3-Dept2-2011-March,67885.12
Store3-Dept2-2011-April,74178.93
Store3-Dept2-2011-May,64688.79
Store3-Dept2-2011-June,68964.91
Store3-Dept2-2011-July,85122.81
Store3-Dept2-2011-August,67379.94
Store3-Dept2-2011-September,86542.58
Store3-Dept2-2011-October,67381.83
Store3-Dept2-2011-November,64689.04
Store3-Dept2-2011-December,91652.40
Store3-Dept2-2012-January,65794.68
Store3-Dept2-2012-February,78990.35
Store3-Dept2-2012-March,95635.57
Store3-Dept2-2012-April,75826.51
Store3-Dept2-2012-May,76058.97
Store3-Dept2-2012-June,99918.96
Store3-Dept2-2012-July,77253.08
Store3-Dept2-2012-August,97852.01
Store3-Dept2-2012-September,74471.11
Store3-Dept2-2012-October,77382.55
Store3-Dept3-2010-February,18866.89
Store3-Dept3-2010-March,15110.87
Store3-Dept3-2010-April,16863.80
Store3-Dept3-2010-May,14442.34
Store3-Dept3-2010-June,11564.64
Store3-Dept3-2010-July,29364.51
Store3-Dept3-2010-August,49200.93
Store3-Dept3-2010-September,16713.13
Store3-Dept3-2010-October,18833.79
Store3-Dept3-2010-November,15605.36
Store3-Dept3-2010-December,21813.42
Store3-Dept3-2011-January,20616.85
Store3-Dept3-2011-February,15980.96
Store3-Dept3-2011-March,15118.16
Store3-Dept3-2011-April,17532.97
Store3-Dept3-2011-May,15020.22
Store3-Dept3-2011-June,16146.86
Store3-Dept3-2011-July,29483.40
Store3-Dept3-2011-August,62516.74
Store3-Dept3-2011-September,26111.40
Store3-Dept3-2011-October,17120.40
Store3-Dept3-2011-November,17905.40
Store3-Dept3-2011-December,24851.19
Store3-Dept3-2012-January,22210.20
Store3-Dept3-2012-February,21865.27
Store3-Dept3-2012-March,22704.89
Store3-Dept3-2012-April,18235.88
Store3-Dept3-2012-May,21811.51
Store3-Dept3-2012-June,24161.79
Store3-Dept3-2012-July,32785.44
Store3-Dept3-2012-August,74166.04
Store3-Dept3-2012-September,22748.83
Store3-Dept3-2012-October,20355.93
Store3-Dept4-2010-February,32821.12
Store3-Dept4-2010-March,29426.46
Store3-Dept4-2010-April,38728.51
Store3-Dept4-2010-May,29582.61
Store3-Dept4-2010-June,30717.82
Store3-Dept4-2010-July,38635.54
Store3-Dept4-2010-August,31814.33
Store3-Dept4-2010-September,31003.98
Store3-Dept4-2010-October,36355.54
Store3-Dept4-2010-November,34218.80
Store3-Dept4-2010-December,43644.83
Store3-Dept4-2011-January,33155.67
Store3-Dept4-2011-February,34950.92
Store3-Dept4-2011-March,32700.24
Store3-Dept4-2011-April,36563.87
Store3-Dept4-2011-May,32288.51
Store3-Dept4-2011-June,32961.57
Store3-Dept4-2011-July,40284.38
Store3-Dept4-2011-August,35421.44
Store3-Dept4-2011-September,39906.73
Store3-Dept4-2011-October,32308.21
Store3-Dept4-2011-November,36680.36
Store3-Dept4-2011-December,45052.03
Store3-Dept4-2012-January,35393.30
Store3-Dept4-2012-February,36887.60
Store3-Dept4-2012-March,44988.49
Store3-Dept4-2012-April,35995.39
Store3-Dept4-2012-May,37010.37
Store3-Dept4-2012-June,47142.35
Store3-Dept4-2012-July,37475.02
Store3-Dept4-2012-August,48824.16
Store3-Dept4-2012-September,35728.08
Store3-Dept4-2012-October,37420.44
Store3-Dept5-2010-February,50524.17
Store3-Dept5-2010-March,39847.65
Store3-Dept5-2010-April,39284.78
Store3-Dept5-2010-May,25436.85
Store3-Dept5-2010-June,34828.23
Store3-Dept5-2010-July,33536.46
Store3-Dept5-2010-August,22093.77
Store3-Dept5-2010-September,23181.78
Store3-Dept5-2010-October,34750.42
Store3-Dept5-2010-November,69125.78
Store3-Dept5-2010-December,105816.39
Store3-Dept5-2011-January,37449.86
Store3-Dept5-2011-February,54328.40
Store3-Dept5-2011-March,40238.06
Store3-Dept5-2011-April,40925.80
Store3-Dept5-2011-May,28601.35
Store3-Dept5-2011-June,38865.98
Store3-Dept5-2011-July,46266.51
Store3-Dept5-2011-August,37520.80
Store3-Dept5-2011-September,42255.71
Store3-Dept5-2011-October,55977.32
Store3-Dept5-2011-November,87663.51
Store3-Dept5-2011-December,98338.90
Store3-Dept5-2012-January,45186.17
Store3-Dept5-2012-February,72219.12
Store3-Dept5-2012-March,74026.51
Store3-Dept5-2012-April,45816.73
Store3-Dept5-2012-May,47996.08
Store3-Dept5-2012-June,72619.97
Store3-Dept5-2012-July,51022.44
Store3-Dept5-2012-August,58120.15
Store3-Dept5-2012-September,59177.41
Store3-Dept5-2012-October,59394.36
Store4-Dept1-2010-February,188641.49
Store4-Dept1-2010-March,125287.64
Store4-Dept1-2010-April,208734.18
Store4-Dept1-2010-May,107646.78
Store4-Dept1-2010-June,105437.57
Store4-Dept1-2010-July,136271.82
Store4-Dept1-2010-August,106950.44
Store4-Dept1-2010-September,133864.36
Store4-Dept1-2010-October,244843.72
Store4-Dept1-2010-November,141709.50
Store4-Dept1-2010-December,280569.73
Store4-Dept1-2011-January,114092.48
Store4-Dept1-2011-February,181053.02
Store4-Dept1-2011-March,123021.86
Store4-Dept1-2011-April,248443.49
Store4-Dept1-2011-May,102918.48
Store4-Dept1-2011-June,104140.02
Store4-Dept1-2011-July,131757.26
Store4-Dept1-2011-August,104560.70
Store4-Dept1-2011-September,169890.54
Store4-Dept1-2011-October,197126.84
Store4-Dept1-2011-November,181465.50
Store4-Dept1-2011-December,296510.59
Store4-Dept1-2012-January,122294.66
Store4-Dept1-2012-February,205031.85
Store4-Dept1-2012-March,180199.14
Store4-Dept1-2012-April,188921.38
Store4-Dept1-2012-May,114809.05
Store4-Dept1-2012-June,144610.12
Store4-Dept1-2012-July,115156.63
Store4-Dept1-2012-August,144517.44
Store4-Dept1-2012-September,145628.92
Store4-Dept1-2012-October,192024.23
Store4-Dept2-2010-February,348220.09
Store4-Dept2-2010-March,327158.52
Store4-Dept2-2010-April,409886.60
Store4-Dept2-2010-May,328194.72
Store4-Dept2-2010-June,326415.03
Store4-Dept2-2010-July,422742.02
Store4-Dept2-2010-August,370771.38
Store4-Dept2-2010-September,356097.01
Store4-Dept2-2010-October,429904.90
Store4-Dept2-2010-November,360304.84
Store4-Dept2-2010-December,478647.44
Store4-Dept2-2011-January,353909.79
Store4-Dept2-2011-February,389347.79
Store4-Dept2-2011-March,378711.23
Store4-Dept2-2011-April,459744.99
Store4-Dept2-2011-May,374070.62
Store4-Dept2-2011-June,375625.51
Store4-Dept2-2011-July,478424.05
Store4-Dept2-2011-August,403600.68
Store4-Dept2-2011-September,489030.15
Store4-Dept2-2011-October,386171.49
Store4-Dept2-2011-November,381005.82
Store4-Dept2-2011-December,497629.72
Store4-Dept2-2012-January,365160.12
Store4-Dept2-2012-February,415046.70
Store4-Dept2-2012-March,502864.82
Store4-Dept2-2012-April,391734.63
Store4-Dept2-2012-May,398305.14
Store4-Dept2-2012-June,504526.57
Store4-Dept2-2012-July,404459.54
Store4-Dept2-2012-August,514568.08
Store4-Dept2-2012-September,387157.92
Store4-Dept2-2012-October,380984.19
Store4-Dept3-2010-February,62103.21
Store4-Dept3-2010-March,52574.49
Store4-Dept3-2010-April,57510.72
Store4-Dept3-2010-May,44257.58
Store4-Dept3-2010-June,37292.43
Store4-Dept3-2010-July,120164.47
Store4-Dept3-2010-August,229186.43
Store4-Dept3-2010-September,59717.57
Store4-Dept3-2010-October,60202.37
Store4-Dept3-2010-November,52146.48
Store4-Dept3-2010-December,84875.83
Store4-Dept3-2011-January,67868.16
Store4-Dept3-2011-February,59187.91
Store4-Dept3-2011-March,48789.84
Store4-Dept3-2011-April,57894.27
Store4-Dept3-2011-May,44978.43
Store4-Dept3-2011-June,42180.62
Store4-Dept3-2011-July,131044.48
Store4-Dept3-2011-August,244000.64
Store4-Dept3-2011-September,83771.27
Store4-Dept3-2011-October,47730.03
Store4-Dept3-2011-November,53472.50
Store4-Dept3-2011-December,82158.67
Store4-Dept3-2012-January,70439.92
Store4-Dept3-2012-February,64623.02
Store4-Dept3-2012-March,64207.59
Store4-Dept3-2012-April,46934.28
Store4-Dept3-2012-May,46743.02
Store4-Dept3-2012-June,54711.14
Store4-Dept3-2012-July,128050.72
Store4-Dept3-2012-August,309537.25
Store4-Dept3-2012-September,59407.64
Store4-Dept3-2012-October,51023.33
Store4-Dept4-2010-February,222250.64
Store4-Dept4-2010-March,208523.66
Store4-Dept4-2010-April,264851.33
Store4-Dept4-2010-May,208115.22
Store4-Dept4-2010-June,202740.65
Store4-Dept4-2010-July,268212.93
Store4-Dept4-2010-August,223001.80
Store4-Dept4-2010-September,220362.85
Store4-Dept4-2010-October,265325.69
Store4-Dept4-2010-November,238656.10
Store4-Dept4-2010-December,291755.27
Store4-Dept4-2011-January,218510.63
Store4-Dept4-2011-February,222121.02
Store4-Dept4-2011-March,214912.52
Store4-Dept4-2011-April,262132.27
Store4-Dept4-2011-May,221610.89
Store4-Dept4-2011-June,219154.52
Store4-Dept4-2011-July,273722.14
Store4-Dept4-2011-August,236567.63
Store4-Dept4-2011-September,283270.64
Store4-Dept4-2011-October,231030.25
Store4-Dept4-2011-November,257970.68
Store4-Dept4-2011-December,299673.78
Store4-Dept4-2012-January,234279.69
Store4-Dept4-2012-February,242206.50
Store4-Dept4-2012-March,288509.10
Store4-Dept4-2012-April,237219.21
Store4-Dept4-2012-May,236775.13
Store4-Dept4-2012-June,299354.13
Store4-Dept4-2012-July,233989.42
Store4-Dept4-2012-August,299817.97
Store4-Dept4-2012-September,232847.80
Store4-Dept4-2012-October,234814.16
Store4-Dept5-2010-February,179586.87
Store4-Dept5-2010-March,203770.35
Store4-Dept5-2010-April,195159.37
Store4-Dept5-2010-May,132387.36
Store4-Dept5-2010-June,146580.59
Store4-Dept5-2010-July,170284.84
Store4-Dept5-2010-August,135741.15
Store4-Dept5-2010-September,131358.54
Store4-Dept5-2010-October,210499.80
Store4-Dept5-2010-November,279189.72
Store4-Dept5-2010-December,512487.39
Store4-Dept5-2011-January,153744.70
Store4-Dept5-2011-February,222951.40
Store4-Dept5-2011-March,183849.19
Store4-Dept5-2011-April,205285.57
Store4-Dept5-2011-May,136593.90
Store4-Dept5-2011-June,158686.62
Store4-Dept5-2011-July,177703.21
Store4-Dept5-2011-August,139875.08
Store4-Dept5-2011-September,189270.44
Store4-Dept5-2011-October,204190.17
Store4-Dept5-2011-November,285307.30
Store4-Dept5-2011-December,436137.32
Store4-Dept5-2012-January,156824.11
Store4-Dept5-2012-February,235934.23
Store4-Dept5-2012-March,252234.96
Store4-Dept5-2012-April,154622.82
Store4-Dept5-2012-May,131744.04
Store4-Dept5-2012-June,182367.21
Store4-Dept5-2012-July,127116.87
Store4-Dept5-2012-August,166564.43
Store4-Dept5-2012-September,161072.66
Store4-Dept5-2012-October,171459.96
Store5-Dept1-2010-February,44771.07
Store5-Dept1-2010-March,34540.52
Store5-Dept1-2010-April,58000.16
Store5-Dept1-2010-May,30526.70
Store5-Dept1-2010-June,30154.17
Store5-Dept1-2010-July,36831.72
Store5-Dept1-2010-August,28953.89
Store5-Dept1-2010-September,33464.73
Store5-Dept1-2010-October,49613.51
Store5-Dept1-2010-November,37620.35
Store5-Dept1-2010-December,58347.02
Store5-Dept1-2011-January,31542.84
Store5-Dept1-2011-February,49682.32
Store5-Dept1-2011-March,34870.45
Store5-Dept1-2011-April,61977.27
Store5-Dept1-2011-May,32695.03
Store5-Dept1-2011-June,32895.44
Store5-Dept1-2011-July,39973.42
Store5-Dept1-2011-August,30174.62
Store5-Dept1-2011-September,44301.77
Store5-Dept1-2011-October,43498.17
Store5-Dept1-2011-November,42407.70
Store5-Dept1-2011-December,67002.47
Store5-Dept1-2012-January,35349.44
Store5-Dept1-2012-February,48723.34
Store5-Dept1-2012-March,54502.09
Store5-Dept1-2012-April,52542.56
Store5-Dept1-2012-May,36136.84
Store5-Dept1-2012-June,45600.36
Store5-Dept1-2012-July,37356.33
Store5-Dept1-2012-August,46047.45
Store5-Dept1-2012-September,40829.42
Store5-Dept1-2012-October,46827.92
Store5-Dept2-2010-February,46909.38
Store5-Dept2-2010-March,44132.83
Store5-Dept2-2010-April,60720.95
Store5-Dept2-2010-May,50709.36
Store5-Dept2-2010-June,49714.52
Store5-Dept2-2010-July,60683.66
Store5-Dept2-2010-August,49505.68
Store5-Dept2-2010-September,49023.74
Store5-Dept2-2010-October,57123.68
Store5-Dept2-2010-November,45116.10
Store5-Dept2-2010-December,60974.38
Store5-Dept2-2011-January,42523.76
Store5-Dept2-2011-February,48582.52
Store5-Dept2-2011-March,48394.61
Store5-Dept2-2011-April,61214.70
Store5-Dept2-2011-May,51000.25
Store5-Dept2-2011-June,50432.09
Store5-Dept2-2011-July,62483.63
Store5-Dept2-2011-August,49040.65
Store5-Dept2-2011-September,63493.20
Store5-Dept2-2011-October,48522.24
Store5-Dept2-2011-November,48818.71
Store5-Dept2-2011-December,68527.58
Store5-Dept2-2012-January,47835.38
Store5-Dept2-2012-February,53269.72
Store5-Dept2-2012-March,63774.69
Store5-Dept2-2012-April,50226.92
Store5-Dept2-2012-May,51490.25
Store5-Dept2-2012-June,65051.48
Store5-Dept2-2012-July,49846.50
Store5-Dept2-2012-August,64377.21
Store5-Dept2-2012-September,49196.43
Store5-Dept2-2012-October,48750.52
Store5-Dept3-2010-February,14509.57
Store5-Dept3-2010-March,12418.37
Store5-Dept3-2010-April,15727.88
Store5-Dept3-2010-May,11733.66
Store5-Dept3-2010-June,11439.12
Store5-Dept3-2010-July,18313.05
Store5-Dept3-2010-August,43165.22
Store5-Dept3-2010-September,15170.02
Store5-Dept3-2010-October,15888.99
Store5-Dept3-2010-November,13143.09
Store5-Dept3-2010-December,19114.76
Store5-Dept3-2011-January,17275.74
Store5-Dept3-2011-February,13617.05
Store5-Dept3-2011-March,11602.07
Store5-Dept3-2011-April,16483.21
Store5-Dept3-2011-May,12618.84
Store5-Dept3-2011-June,10363.20
Store5-Dept3-2011-July,19850.78
Store5-Dept3-2011-August,46262.49
Store5-Dept3-2011-September,18732.86
Store5-Dept3-2011-October,12813.98
Store5-Dept3-2011-November,13732.53
Store5-Dept3-2011-December,19095.81
Store5-Dept3-2012-January,17499.76
Store5-Dept3-2012-February,14876.19
Store5-Dept3-2012-March,15318.75
Store5-Dept3-2012-April,12386.51
Store5-Dept3-2012-May,12731.43
Store5-Dept3-2012-June,13869.57
Store5-Dept3-2012-July,15588.56
Store5-Dept3-2012-August,50928.34
Store5-Dept3-2012-September,16908.81
Store5-Dept3-2012-October,13274.97
Store5-Dept4-2010-February,37441.68
Store5-Dept4-2010-March,36488.45
Store5-Dept4-2010-April,49201.71
Store5-Dept4-2010-May,38510.35
Store5-Dept4-2010-June,40694.89
Store5-Dept4-2010-July,48595.12
Store5-Dept4-2010-August,41106.11
Store5-Dept4-2010-September,38986.48
Store5-Dept4-2010-October,43962.32
Store5-Dept4-2010-November,40858.23
Store5-Dept4-2010-December,52502.80
Store5-Dept4-2011-January,36804.07
Store5-Dept4-2011-February,39423.66
Store5-Dept4-2011-March,38756.04
Store5-Dept4-2011-April,47663.69
Store5-Dept4-2011-May,38581.58
Store5-Dept4-2011-June,39348.42
Store5-Dept4-2011-July,47641.46
Store5-Dept4-2011-August,39996.68
Store5-Dept4-2011-September,48241.89
Store5-Dept4-2011-October,38022.56
Store5-Dept4-2011-November,40153.87
Store5-Dept4-2011-December,54428.68
Store5-Dept4-2012-January,41064.74
Store5-Dept4-2012-February,40362.83
Store5-Dept4-2012-March,47517.58
Store5-Dept4-2012-April,39754.08
Store5-Dept4-2012-May,41000.58
Store5-Dept4-2012-June,51793.47
Store5-Dept4-2012-July,39470.69
Store5-Dept4-2012-August,51890.36
Store5-Dept4-2012-September,39583.22
Store5-Dept4-2012-October,40247.08
Store5-Dept5-2010-February,33447.51
Store5-Dept5-2010-March,29901.97
Store5-Dept5-2010-April,36073.40
Store5-Dept5-2010-May,22126.11
Store5-Dept5-2010-June,26591.07
Store5-Dept5-2010-July,26925.82
Store5-Dept5-2010-August,18594.05
Store5-Dept5-2010-September,18698.22
Store5-Dept5-2010-October,26467.40
Store5-Dept5-2010-November,51454.35
Store5-Dept5-2010-December,64884.55
Store5-Dept5-2011-January,21124.67
Store5-Dept5-2011-February,32850.28
Store5-Dept5-2011-March,24332.18
Store5-Dept5-2011-April,27818.36
Store5-Dept5-2011-May,15457.32
Store5-Dept5-2011-June,25539.29
Store5-Dept5-2011-July,27253.84
Store5-Dept5-2011-August,21119.05
Store5-Dept5-2011-September,26075.38
Store5-Dept5-2011-October,28293.19
Store5-Dept5-2011-November,51169.98
Store5-Dept5-2011-December,51624.18
Store5-Dept5-2012-January,20983.98
Store5-Dept5-2012-February,32957.71
Store5-Dept5-2012-March,32854.83
Store5-Dept5-2012-April,21997.14
Store5-Dept5-2012-May,21588.00
Store5-Dept5-2012-June,31901.39
Store5-Dept5-2012-July,17946.16
Store5-Dept5-2012-August,25503.90
Store5-Dept5-2012-September,20005.34
Store5-Dept5-2012-October,24425.30
Store6-Dept1-2010-February,124015.71
Store6-Dept1-2010-March,102069.59
Store6-Dept1-2010-April,165202.39
Store6-Dept1-2010-May,78219.29
Store6-Dept1-2010-June,85127.45
Store6-Dept1-2010-July,102941.26
Store6-Dept1-2010-August,76116.29
Store6-Dept1-2010-September,75080.21
Store6-Dept1-2010-October,134358.83
Store6-Dept1-2010-November,94985.50
Store6-Dept1-2010-December,189639.67
Store6-Dept1-2011-January,62507.34
Store6-Dept1-2011-February,108399.15
Store6-Dept1-2011-March,73863.98
Store6-Dept1-2011-April,167612.33
Store6-Dept1-2011-May,66026.87
Store6-Dept1-2011-June,72297.94
Store6-Dept1-2011-July,92906.60
Store6-Dept1-2011-August,68254.67
Store6-Dept1-2011-September,91741.55
Store6-Dept1-2011-October,111371.41
Store6-Dept1-2011-November,101235.59
Store6-Dept1-2011-December,198877.54
Store6-Dept1-2012-January,71014.75
Store6-Dept1-2012-February,122738.34
Store6-Dept1-2012-March,120850.70
Store6-Dept1-2012-April,133863.72
Store6-Dept1-2012-May,76348.94
Store6-Dept1-2012-June,99741.39
Store6-Dept1-2012-July,80176.15
Store6-Dept1-2012-August,85978.91
Store6-Dept1-2012-September,75062.24
Store6-Dept1-2012-October,104433.89
Store6-Dept2-2010-February,191522.34
Store6-Dept2-2010-March,197167.23
Store6-Dept2-2010-April,251032.89
Store6-Dept2-2010-May,203572.87
Store6-Dept2-2010-June,222262.65
Store6-Dept2-2010-July,274276.91
Store6-Dept2-2010-August,212714.09
Store6-Dept2-2010-September,182595.54
Store6-Dept2-2010-October,219020.73
Store6-Dept2-2010-November,184005.81
Store6-Dept2-2010-December,265071.78
Store6-Dept2-2011-January,165925.77
Store6-Dept2-2011-February,183110.65
Store6-Dept2-2011-March,195860.87
Store6-Dept2-2011-April,235819.42
Store6-Dept2-2011-May,189924.91
Store6-Dept2-2011-June,209641.62
Store6-Dept2-2011-July,266675.38
Store6-Dept2-2011-August,209935.33
Store6-Dept2-2011-September,234928.31
Store6-Dept2-2011-October,184490.24
Store6-Dept2-2011-November,196302.57
Store6-Dept2-2011-December,288272.35
Store6-Dept2-2012-January,186608.12
Store6-Dept2-2012-February,203675.42
Store6-Dept2-2012-March,262707.59
Store6-Dept2-2012-April,203724.37
Store6-Dept2-2012-May,204119.81
Store6-Dept2-2012-June,282226.16
Store6-Dept2-2012-July,223446.45
Store6-Dept2-2012-August,271101.89
Store6-Dept2-2012-September,196109.21
Store6-Dept2-2012-October,190680.25
Store6-Dept3-2010-February,53966.26
Store6-Dept3-2010-March,48615.80
Store6-Dept3-2010-April,57028.90
Store6-Dept3-2010-May,42514.66
Store6-Dept3-2010-June,45944.15
Store6-Dept3-2010-July,93460.16
Store6-Dept3-2010-August,199373.99
Store6-Dept3-2010-September,61607.61
Store6-Dept3-2010-October,54931.02
Store6-Dept3-2010-November,49755.41
Store6-Dept3-2010-December,86176.22
Store6-Dept3-2011-January,59272.25
Store6-Dept3-2011-February,51157.59
Store6-Dept3-2011-March,45901.67
Store6-Dept3-2011-April,58331.42
Store6-Dept3-2011-May,45251.62
Store6-Dept3-2011-June,46745.20
Store6-Dept3-2011-July,98005.89
Store6-Dept3-2011-August,196956.44
Store6-Dept3-2011-September,74247.48
Store6-Dept3-2011-October,48036.08
Store6-Dept3-2011-November,45993.72
Store6-Dept3-2011-December,87314.03
Store6-Dept3-2012-January,58998.12
Store6-Dept3-2012-February,55511.52
Store6-Dept3-2012-March,58643.77
Store6-Dept3-2012-April,43528.36
Store6-Dept3-2012-May,46229.72
Store6-Dept3-2012-June,59517.10
Store6-Dept3-2012-July,88663.73
Store6-Dept3-2012-August,235028.96
Store6-Dept3-2012-September,59497.10
Store6-Dept3-2012-October,47143.40
Store6-Dept4-2010-February,127711.69
Store6-Dept4-2010-March,132506.51
Store6-Dept4-2010-April,169036.70
Store6-Dept4-2010-May,132981.95
Store6-Dept4-2010-June,141754.65
Store6-Dept4-2010-July,182747.44
Store6-Dept4-2010-August,142857.25
Store6-Dept4-2010-September,126031.79
Store6-Dept4-2010-October,151351.71
Store6-Dept4-2010-November,144811.53
Store6-Dept4-2010-December,182232.86
Store6-Dept4-2011-January,129339.05
Store6-Dept4-2011-February,132110.28
Store6-Dept4-2011-March,131672.33
Store6-Dept4-2011-April,160061.22
Store6-Dept4-2011-May,129903.83
Store6-Dept4-2011-June,141780.71
Store6-Dept4-2011-July,179869.89
Store6-Dept4-2011-August,143827.23
Store6-Dept4-2011-September,152773.27
Store6-Dept4-2011-October,123659.77
Store6-Dept4-2011-November,147742.86
Store6-Dept4-2011-December,185580.43
Store6-Dept4-2012-January,134666.92
Store6-Dept4-2012-February,132856.07
Store6-Dept4-2012-March,168425.94
Store6-Dept4-2012-April,139849.98
Store6-Dept4-2012-May,137578.83
Store6-Dept4-2012-June,187679.76
Store6-Dept4-2012-July,155247.20
Store6-Dept4-2012-August,182934.68
Store6-Dept4-2012-September,127160.88
Store6-Dept4-2012-October,130048.20
Store6-Dept5-2010-February,150011.78
Store6-Dept5-2010-March,168120.68
Store6-Dept5-2010-April,179122.18
Store6-Dept5-2010-May,117816.09
Store6-Dept5-2010-June,140263.30
Store6-Dept5-2010-July,152511.94
Store6-Dept5-2010-August,102238.87
Store6-Dept5-2010-September,96108.80
Store6-Dept5-2010-October,125283.52
Store6-Dept5-2010-November,216594.35
Store6-Dept5-2010-December,383152.14
Store6-Dept5-2011-January,110563.57
Store6-Dept5-2011-February,151425.59
Store6-Dept5-2011-March,129891.21
Store6-Dept5-2011-April,163973.66
Store6-Dept5-2011-May,107462.60
Store6-Dept5-2011-June,136872.61
Store6-Dept5-2011-July,157311.22
Store6-Dept5-2011-August,107576.33
Store6-Dept5-2011-September,133494.03
Store6-Dept5-2011-October,134954.32
Store6-Dept5-2011-November,203778.65
Store6-Dept5-2011-December,319211.83
Store6-Dept5-2012-January,104866.08
Store6-Dept5-2012-February,149860.89
Store6-Dept5-2012-March,148455.11
Store6-Dept5-2012-April,107903.84
Store6-Dept5-2012-May,96999.98
Store6-Dept5-2012-June,162637.09
Store6-Dept5-2012-July,111129.26
Store6-Dept5-2012-August,134915.63
Store6-Dept5-2012-September,107988.83
Store6-Dept5-2012-October,116043.01
Store7-Dept1-2010-February,44078.14
Store7-Dept1-2010-March,42258.36
Store7-Dept1-2010-April,53556.50
Store7-Dept1-2010-May,26632.63
Store7-Dept1-2010-June,27248.07
Store7-Dept1-2010-July,41089.78
Store7-Dept1-2010-August,30572.06
Store7-Dept1-2010-September,31574.50
Store7-Dept1-2010-October,49788.02
Store7-Dept1-2010-November,35955.97
Store7-Dept1-2010-December,69797.26
Store7-Dept1-2011-January,32139.72
Store7-Dept1-2011-February,39111.47
Store7-Dept1-2011-March,35375.92
Store7-Dept1-2011-April,53345.96
Store7-Dept1-2011-May,25789.01
Store7-Dept1-2011-June,31911.29
Store7-Dept1-2011-July,51361.27
Store7-Dept1-2011-August,38078.98
Store7-Dept1-2011-September,45260.79
Store7-Dept1-2011-October,42230.41
Store7-Dept1-2011-November,40166.58
Store7-Dept1-2011-December,77057.79
Store7-Dept1-2012-January,38955.95
Store7-Dept1-2012-February,46637.59
Store7-Dept1-2012-March,54125.42
Store7-Dept1-2012-April,44956.04
Store7-Dept1-2012-May,24952.86
Store7-Dept1-2012-June,38632.50
Store7-Dept1-2012-July,38142.26
Store7-Dept1-2012-August,43352.46
Store7-Dept1-2012-September,33520.09
Store7-Dept1-2012-October,36964.93
Store7-Dept2-2010-February,86470.42
Store7-Dept2-2010-March,89998.96
Store7-Dept2-2010-April,99121.02
Store7-Dept2-2010-May,63001.64
Store7-Dept2-2010-June,71766.43
Store7-Dept2-2010-July,116605.81
Store7-Dept2-2010-August,97071.85
Store7-Dept2-2010-September,84938.75
Store7-Dept2-2010-October,93251.37
Store7-Dept2-2010-November,79830.83
Store7-Dept2-2010-December,127458.60
Store7-Dept2-2011-January,92779.03
Store7-Dept2-2011-February,90059.34
Store7-Dept2-2011-March,97530.50
Store7-Dept2-2011-April,100689.61
Store7-Dept2-2011-May,67769.93
Store7-Dept2-2011-June,86050.96
Store7-Dept2-2011-July,134552.19
Store7-Dept2-2011-August,104851.82
Store7-Dept2-2011-September,108597.99
Store7-Dept2-2011-October,79431.93
Store7-Dept2-2011-November,86890.24
Store7-Dept2-2011-December,142265.70
Store7-Dept2-2012-January,102334.96
Store7-Dept2-2012-February,98010.68
Store7-Dept2-2012-March,128248.53
Store7-Dept2-2012-April,87628.36
Store7-Dept2-2012-May,71438.62
Store7-Dept2-2012-June,120230.73
Store7-Dept2-2012-July,119902.59
Store7-Dept2-2012-August,133117.68
Store7-Dept2-2012-September,89034.20
Store7-Dept2-2012-October,81396.51
Store7-Dept3-2010-February,26855.38
Store7-Dept3-2010-March,26643.30
Store7-Dept3-2010-April,29328.71
Store7-Dept3-2010-May,20415.20
Store7-Dept3-2010-June,21443.60
Store7-Dept3-2010-July,41026.34
Store7-Dept3-2010-August,70938.52
Store7-Dept3-2010-September,33023.38
Store7-Dept3-2010-October,31577.85
Store7-Dept3-2010-November,28062.48
Store7-Dept3-2010-December,49063.85
Store7-Dept3-2011-January,34258.22
Store7-Dept3-2011-February,29328.47
Store7-Dept3-2011-March,30025.67
Store7-Dept3-2011-April,31972.39
Store7-Dept3-2011-May,21602.39
Store7-Dept3-2011-June,26116.15
Store7-Dept3-2011-July,42901.26
Store7-Dept3-2011-August,70295.65
Store7-Dept3-2011-September,44106.80
Store7-Dept3-2011-October,28461.52
Store7-Dept3-2011-November,30749.77
Store7-Dept3-2011-December,55275.96
Store7-Dept3-2012-January,41956.79
Store7-Dept3-2012-February,34681.77
Store7-Dept3-2012-March,41959.74
Store7-Dept3-2012-April,27194.90
Store7-Dept3-2012-May,24364.04
Store7-Dept3-2012-June,40439.15
Store7-Dept3-2012-July,46026.80
Store7-Dept3-2012-August,93442.04
Store7-Dept3-2012-September,33809.77
Store7-Dept3-2012-October,27247.92
Store7-Dept4-2010-February,51405.00
Store7-Dept4-2010-March,50671.72
Store7-Dept4-2010-April,55359.90
Store7-Dept4-2010-May,41011.34
Store7-Dept4-2010-June,50702.79
Store7-Dept4-2010-July,82741.95
Store7-Dept4-2010-August,65771.62
Store7-Dept4-2010-September,56923.90
Store7-Dept4-2010-October,62411.87
Store7-Dept4-2010-November,55677.37
Store7-Dept4-2010-December,81310.72
Store7-Dept4-2011-January,63625.49
Store7-Dept4-2011-February,59326.35
Store7-Dept4-2011-March,61084.40
Store7-Dept4-2011-April,61784.67
Store7-Dept4-2011-May,46650.69
Store7-Dept4-2011-June,58351.65
Store7-Dept4-2011-July,97058.40
Store7-Dept4-2011-August,75314.70
Store7-Dept4-2011-September,74273.81
Store7-Dept4-2011-October,54689.30
Store7-Dept4-2011-November,60363.51
Store7-Dept4-2011-December,84736.91
Store7-Dept4-2012-January,68439.39
Store7-Dept4-2012-February,63675.41
Store7-Dept4-2012-March,80734.44
Store7-Dept4-2012-April,52099.04
Store7-Dept4-2012-May,49652.99
Store7-Dept4-2012-June,84245.39
Store7-Dept4-2012-July,82541.67
Store7-Dept4-2012-August,92571.01
Store7-Dept4-2012-September,59592.51
Store7-Dept4-2012-October,53124.25
Store7-Dept5-2010-February,58880.47
Store7-Dept5-2010-March,68299.35
Store7-Dept5-2010-April,74661.14
Store7-Dept5-2010-May,35241.08
Store7-Dept5-2010-June,41719.17
Store7-Dept5-2010-July,55213.82
Store7-Dept5-2010-August,47984.15
Store7-Dept5-2010-September,36997.47
Store7-Dept5-2010-October,50995.04
Store7-Dept5-2010-November,86963.63
Store7-Dept5-2010-December,156349.86
Store7-Dept5-2011-January,61866.02
Store7-Dept5-2011-February,55517.33
Store7-Dept5-2011-March,56181.87
Store7-Dept5-2011-April,63277.73
Store7-Dept5-2011-May,31363.30
Store7-Dept5-2011-June,41610.31
Store7-Dept5-2011-July,60220.41
Store7-Dept5-2011-August,46342.12
Store7-Dept5-2011-September,58654.99
Store7-Dept5-2011-October,53160.95
Store7-Dept5-2011-November,97753.56
Store7-Dept5-2011-December,138780.48
Store7-Dept5-2012-January,60107.45
Store7-Dept5-2012-February,59576.14
Store7-Dept5-2012-March,73829.76
Store7-Dept5-2012-April,43119.01
Store7-Dept5-2012-May,32209.26
Store7-Dept5-2012-June,51483.30
Store7-Dept5-2012-July,46253.16
Store7-Dept5-2012-August,52243.35
Store7-Dept5-2012-September,42042.84
Store7-Dept5-2012-October,43131.60
Store8-Dept1-2010-February,84485.94
Store8-Dept1-2010-March,53570.12
Store8-Dept1-2010-April,92787.12
Store8-Dept1-2010-May,43960.22
Store8-Dept1-2010-June,42786.99
Store8-Dept1-2010-July,50775.83
Store8-Dept1-2010-August,41070.73
Store8-Dept1-2010-September,51109.19
Store8-Dept1-2010-October,98027.26
Store8-Dept1-2010-November,61172.93
Store8-Dept1-2010-December,112707.22
Store8-Dept1-2011-January,46746.45
Store8-Dept1-2011-February,90026.78
Store8-Dept1-2011-March,53508.39
Store8-Dept1-2011-April,104383.77
Store8-Dept1-2011-May,36951.19
Store8-Dept1-2011-June,35245.28
Store8-Dept1-2011-July,45808.96
Store8-Dept1-2011-August,38843.00
Store8-Dept1-2011-September,62275.13
Store8-Dept1-2011-October,74269.98
Store8-Dept1-2011-November,72277.10
Store8-Dept1-2011-December,117947.57
Store8-Dept1-2012-January,49899.02
Store8-Dept1-2012-February,99791.23
Store8-Dept1-2012-March,72636.27
Store8-Dept1-2012-April,83781.58
Store8-Dept1-2012-May,39461.48
Store8-Dept1-2012-June,47525.96
Store8-Dept1-2012-July,38502.03
Store8-Dept1-2012-August,49327.14
Store8-Dept1-2012-September,52368.16
Store8-Dept1-2012-October,70915.29
Store8-Dept2-2010-February,146190.60
Store8-Dept2-2010-March,134469.76
Store8-Dept2-2010-April,173057.65
Store8-Dept2-2010-May,137098.86
Store8-Dept2-2010-June,137979.39
Store8-Dept2-2010-July,173572.11
Store8-Dept2-2010-August,145065.71
Store8-Dept2-2010-September,143388.20
Store8-Dept2-2010-October,174157.85
Store8-Dept2-2010-November,142915.75
Store8-Dept2-2010-December,189225.30
Store8-Dept2-2011-January,134745.21
Store8-Dept2-2011-February,151680.30
Store8-Dept2-2011-March,140589.75
Store8-Dept2-2011-April,179707.26
Store8-Dept2-2011-May,139564.86
Store8-Dept2-2011-June,142460.10
Store8-Dept2-2011-July,178249.04
Store8-Dept2-2011-August,151072.12
Store8-Dept2-2011-September,176629.95
Store8-Dept2-2011-October,141410.84
Store8-Dept2-2011-November,139871.33
Store8-Dept2-2011-December,187085.81
Store8-Dept2-2012-January,135663.44
Store8-Dept2-2012-February,156030.36
Store8-Dept2-2012-March,188126.46
Store8-Dept2-2012-April,140734.10
Store8-Dept2-2012-May,139777.88
Store8-Dept2-2012-June,179240.23
Store8-Dept2-2012-July,142009.30
Store8-Dept2-2012-August,186803.63
Store8-Dept2-2012-September,140049.47
Store8-Dept2-2012-October,140741.89
Store8-Dept3-2010-February,35770.28
Store8-Dept3-2010-March,28465.17
Store8-Dept3-2010-April,35341.84
Store8-Dept3-2010-May,24502.26
Store8-Dept3-2010-June,24020.94
Store8-Dept3-2010-July,56246.73
Store8-Dept3-2010-August,121189.32
Store8-Dept3-2010-September,47970.96
Store8-Dept3-2010-October,37275.96
Store8-Dept3-2010-November,30647.67
Store8-Dept3-2010-December,45513.37
Store8-Dept3-2011-January,47740.17
Store8-Dept3-2011-February,33615.92
Store8-Dept3-2011-March,29087.26
Store8-Dept3-2011-April,39565.79
Store8-Dept3-2011-May,27396.16
Store8-Dept3-2011-June,23917.07
Store8-Dept3-2011-July,56051.62
Store8-Dept3-2011-August,135064.60
Store8-Dept3-2011-September,56448.16
Store8-Dept3-2011-October,29964.87
Store8-Dept3-2011-November,26952.88
Store8-Dept3-2011-December,45893.39
Store8-Dept3-2012-January,45892.24
Store8-Dept3-2012-February,39150.80
Store8-Dept3-2012-March,34669.68
Store8-Dept3-2012-April,28725.62
Store8-Dept3-2012-May,25470.14
Store8-Dept3-2012-June,28306.88
Store8-Dept3-2012-July,51919.40
Store8-Dept3-2012-August,165382.39
Store8-Dept3-2012-September,40705.47
Store8-Dept3-2012-October,28847.62
Store8-Dept4-2010-February,80806.05
Store8-Dept4-2010-March,77105.09
Store8-Dept4-2010-April,100490.58
Store8-Dept4-2010-May,77294.75
Store8-Dept4-2010-June,78555.38
Store8-Dept4-2010-July,103359.33
Store8-Dept4-2010-August,91287.34
Store8-Dept4-2010-September,81655.41
Store8-Dept4-2010-October,98425.55
Store8-Dept4-2010-November,92632.84
Store8-Dept4-2010-December,110718.28
Store8-Dept4-2011-January,79728.37
Store8-Dept4-2011-February,82884.33
Store8-Dept4-2011-March,77079.63
Store8-Dept4-2011-April,98708.44
Store8-Dept4-2011-May,82555.92
Store8-Dept4-2011-June,81002.44
Store8-Dept4-2011-July,101034.03
Store8-Dept4-2011-August,91860.28
Store8-Dept4-2011-September,102798.72
Store8-Dept4-2011-October,83482.14
Store8-Dept4-2011-November,94255.83
Store8-Dept4-2011-December,111993.89
Store8-Dept4-2012-January,84473.67
Store8-Dept4-2012-February,88419.82
Store8-Dept4-2012-March,102956.53
Store8-Dept4-2012-April,86602.27
Store8-Dept4-2012-May,87757.45
Store8-Dept4-2012-June,108284.17
Store8-Dept4-2012-July,86101.61
Store8-Dept4-2012-August,119823.97
Store8-Dept4-2012-September,83587.74
Store8-Dept4-2012-October,88049.38
Store8-Dept5-2010-February,87060.73
Store8-Dept5-2010-March,85385.52
Store8-Dept5-2010-April,89246.43
Store8-Dept5-2010-May,54074.61
Store8-Dept5-2010-June,59947.49
Store8-Dept5-2010-July,71355.38
Store8-Dept5-2010-August,46789.85
Store8-Dept5-2010-September,56080.32
Store8-Dept5-2010-October,83464.95
Store8-Dept5-2010-November,130448.04
Store8-Dept5-2010-December,224963.17
Store8-Dept5-2011-January,69918.46
Store8-Dept5-2011-February,105624.67
Store8-Dept5-2011-March,83516.36
Store8-Dept5-2011-April,86211.15
Store8-Dept5-2011-May,56815.49
Store8-Dept5-2011-June,64811.80
Store8-Dept5-2011-July,73483.85
Store8-Dept5-2011-August,59750.58
Store8-Dept5-2011-September,73745.48
Store8-Dept5-2011-October,90012.43
Store8-Dept5-2011-November,132287.02
Store8-Dept5-2011-December,164832.72
Store8-Dept5-2012-January,66097.00
Store8-Dept5-2012-February,116054.44
Store8-Dept5-2012-March,115598.62
Store8-Dept5-2012-April,61639.61
Store8-Dept5-2012-May,60545.11
Store8-Dept5-2012-June,86071.79
Store8-Dept5-2012-July,59505.27
Store8-Dept5-2012-August,76977.58
Store8-Dept5-2012-September,66142.93
Store8-Dept5-2012-October,78496.59
Store9-Dept1-2010-February,58486.29
Store9-Dept1-2010-March,42659.36
Store9-Dept1-2010-April,63739.74
Store9-Dept1-2010-May,37258.96
Store9-Dept1-2010-June,37442.28
Store9-Dept1-2010-July,47102.87
Store9-Dept1-2010-August,34267.33
Store9-Dept1-2010-September,40723.89
Store9-Dept1-2010-October,72331.69
Store9-Dept1-2010-November,49850.20
Store9-Dept1-2010-December,80066.02
Store9-Dept1-2011-January,37991.46
Store9-Dept1-2011-February,58063.74
Store9-Dept1-2011-March,38062.60
Store9-Dept1-2011-April,78192.12
Store9-Dept1-2011-May,36137.76
Store9-Dept1-2011-June,35494.80
Store9-Dept1-2011-July,46010.97
Store9-Dept1-2011-August,35034.74
Store9-Dept1-2011-September,51306.20
Store9-Dept1-2011-October,55344.52
Store9-Dept1-2011-November,57547.07
Store9-Dept1-2011-December,89221.80
Store9-Dept1-2012-January,38865.42
Store9-Dept1-2012-February,64209.61
Store9-Dept1-2012-March,59687.45
Store9-Dept1-2012-April,62206.16
Store9-Dept1-2012-May,39174.78
Store9-Dept1-2012-June,48149.09
Store9-Dept1-2012-July,38015.80
Store9-Dept1-2012-August,46538.46
Store9-Dept1-2012-September,49941.15
Store9-Dept1-2012-October,64933.50
Store9-Dept2-2010-February,91891.82
Store9-Dept2-2010-March,89648.67
Store9-Dept2-2010-April,114303.82
Store9-Dept2-2010-May,92814.11
Store9-Dept2-2010-June,96256.37
Store9-Dept2-2010-July,116427.76
Store9-Dept2-2010-August,98539.43
Store9-Dept2-2010-September,93594.87
Store9-Dept2-2010-October,117959.23
Store9-Dept2-2010-November,88794.32
Store9-Dept2-2010-December,126768.58
Store9-Dept2-2011-January,89108.08
Store9-Dept2-2011-February,99372.24
Store9-Dept2-2011-March,98719.48
Store9-Dept2-2011-April,124694.63
Store9-Dept2-2011-May,99499.20
Store9-Dept2-2011-June,104248.21
Store9-Dept2-2011-July,124392.99
Store9-Dept2-2011-August,105785.10
Store9-Dept2-2011-September,127216.61
Store9-Dept2-2011-October,98549.38
Store9-Dept2-2011-November,97462.49
Store9-Dept2-2011-December,137045.28
Store9-Dept2-2012-January,96194.45
Store9-Dept2-2012-February,108809.48
Store9-Dept2-2012-March,133777.59
Store9-Dept2-2012-April,106953.07
Store9-Dept2-2012-May,106342.50
Store9-Dept2-2012-June,134788.23
Store9-Dept2-2012-July,108017.94
Store9-Dept2-2012-August,138092.40
Store9-Dept2-2012-September,102021.03
Store9-Dept2-2012-October,102545.91
Store9-Dept3-2010-February,23828.19
Store9-Dept3-2010-March,19821.38
Store9-Dept3-2010-April,24975.53
Store9-Dept3-2010-May,20168.92
Store9-Dept3-2010-June,16199.19
Store9-Dept3-2010-July,33438.94
Store9-Dept3-2010-August,77443.43
Store9-Dept3-2010-September,24303.88
Store9-Dept3-2010-October,24924.70
Store9-Dept3-2010-November,21596.56
Store9-Dept3-2010-December,35095.94
Store9-Dept3-2011-January,31289.61
Store9-Dept3-2011-February,21587.22
Store9-Dept3-2011-March,19328.76
Store9-Dept3-2011-April,27303.56
Store9-Dept3-2011-May,21991.75
Store9-Dept3-2011-June,18168.45
Store9-Dept3-2011-July,32819.45
Store9-Dept3-2011-August,94151.67
Store9-Dept3-2011-September,36852.94
Store9-Dept3-2011-October,23846.46
Store9-Dept3-2011-November,23764.70
Store9-Dept3-2011-December,36901.72
Store9-Dept3-2012-January,35517.14
Store9-Dept3-2012-February,28817.70
Store9-Dept3-2012-March,30177.07
Store9-Dept3-2012-April,25436.52
Store9-Dept3-2012-May,23519.67
Store9-Dept3-2012-June,26614.95
Store9-Dept3-2012-July,31371.87
Store9-Dept3-2012-August,108571.01
Store9-Dept3-2012-September,28974.26
Store9-Dept3-2012-October,23318.88
Store9-Dept4-2010-February,63757.91
Store9-Dept4-2010-March,61418.09
Store9-Dept4-2010-April,77503.68
Store9-Dept4-2010-May,62399.99
Store9-Dept4-2010-June,65609.08
Store9-Dept4-2010-July,85387.38
Store9-Dept4-2010-August,73672.83
Store9-Dept4-2010-September,65777.87
Store9-Dept4-2010-October,80809.76
Store9-Dept4-2010-November,70271.30
Store9-Dept4-2010-December,87099.59
Store9-Dept4-2011-January,64949.00
Store9-Dept4-2011-February,66765.01
Store9-Dept4-2011-March,64477.15
Store9-Dept4-2011-April,83791.37
Store9-Dept4-2011-May,67914.69
Store9-Dept4-2011-June,66018.45
Store9-Dept4-2011-July,81054.79
Store9-Dept4-2011-August,72871.89
Store9-Dept4-2011-September,85356.78
Store9-Dept4-2011-October,68774.57
Store9-Dept4-2011-November,73413.02
Store9-Dept4-2011-December,90664.59
Store9-Dept4-2012-January,71557.10
Store9-Dept4-2012-February,71163.98
Store9-Dept4-2012-March,86646.27
Store9-Dept4-2012-April,71719.49
Store9-Dept4-2012-May,69405.79
Store9-Dept4-2012-June,91320.85
Store9-Dept4-2012-July,73445.22
Store9-Dept4-2012-August,94920.85
Store9-Dept4-2012-September,69982.21
Store9-Dept4-2012-October,74809.98
Store9-Dept5-2010-February,78277.13
Store9-Dept5-2010-March,88073.94
Store9-Dept5-2010-April,88647.94
Store9-Dept5-2010-May,60270.00
Store9-Dept5-2010-June,61555.50
Store9-Dept5-2010-July,76336.41
Store9-Dept5-2010-August,52384.00
Store9-Dept5-2010-September,51358.76
Store9-Dept5-2010-October,79603.77
Store9-Dept5-2010-November,118074.74
Store9-Dept5-2010-December,191785.04
Store9-Dept5-2011-January,67061.31
Store9-Dept5-2011-February,99997.33
Store9-Dept5-2011-March,77205.19
Store9-Dept5-2011-April,81332.13
Store9-Dept5-2011-May,56645.51
Store9-Dept5-2011-June,67159.53
Store9-Dept5-2011-July,71739.07
Store9-Dept5-2011-August,59205.85
Store9-Dept5-2011-September,79843.91
Store9-Dept5-2011-October,85940.56
Store9-Dept5-2011-November,129659.08
Store9-Dept5-2011-December,160485.42
Store9-Dept5-2012-January,67015.46
Store9-Dept5-2012-February,105711.08
Store9-Dept5-2012-March,100613.28
Store9-Dept5-2012-April,64944.18
Store9-Dept5-2012-May,62506.79
Store9-Dept5-2012-June,90803.31
Store9-Dept5-2012-July,57441.81
Store9-Dept5-2012-August,80115.13
Store9-Dept5-2012-September,68813.79
Store9-Dept5-2012-October,76825.73
Store10-Dept1-2010-February,191261.71
Store10-Dept1-2010-March,163162.20
Store10-Dept1-2010-April,305501.61
Store10-Dept1-2010-May,120050.73
Store10-Dept1-2010-June,108284.28
Store10-Dept1-2010-July,132117.18
Store10-Dept1-2010-August,108594.78
Store10-Dept1-2010-September,120021.12
Store10-Dept1-2010-October,256243.63
Store10-Dept1-2010-November,171814.95
Store10-Dept1-2010-December,396342.12
Store10-Dept1-2011-January,114703.75
Store10-Dept1-2011-February,179558.81
Store10-Dept1-2011-March,122118.45
Store10-Dept1-2011-April,326063.91
Store10-Dept1-2011-May,108083.73
Store10-Dept1-2011-June,94859.59
Store10-Dept1-2011-July,126448.00
Store10-Dept1-2011-August,102149.23
Store10-Dept1-2011-September,150851.64
Store10-Dept1-2011-October,193258.97
Store10-Dept1-2011-November,181923.46
Store10-Dept1-2011-December,408461.90
Store10-Dept1-2012-January,122367.16
Store10-Dept1-2012-February,190560.01
Store10-Dept1-2012-March,184579.29
Store10-Dept1-2012-April,261706.77
Store10-Dept1-2012-May,106433.13
Store10-Dept1-2012-June,123202.59
Store10-Dept1-2012-July,104537.38
Store10-Dept1-2012-August,132351.07
Store10-Dept1-2012-September,122097.11
Store10-Dept1-2012-October,179584.61
Store10-Dept2-2010-February,484884.91
Store10-Dept2-2010-March,452773.94
Store10-Dept2-2010-April,564940.27
Store10-Dept2-2010-May,446781.64
Store10-Dept2-2010-June,446138.24
Store10-Dept2-2010-July,574810.36
Store10-Dept2-2010-August,489486.88
Store10-Dept2-2010-September,434204.94
Store10-Dept2-2010-October,530436.57
Store10-Dept2-2010-November,423483.82
Store10-Dept2-2010-December,570974.91
Store10-Dept2-2011-January,419240.17
Store10-Dept2-2011-February,464001.58
Store10-Dept2-2011-March,444424.56
Store10-Dept2-2011-April,555154.71
Store10-Dept2-2011-May,425926.67
Store10-Dept2-2011-June,441091.35
Store10-Dept2-2011-July,549172.00
Store10-Dept2-2011-August,458029.50
Store10-Dept2-2011-September,527810.32
Store10-Dept2-2011-October,416243.28
Store10-Dept2-2011-November,411052.12
Store10-Dept2-2011-December,570375.23
Store10-Dept2-2012-January,409718.77
Store10-Dept2-2012-February,462006.04
Store10-Dept2-2012-March,548231.16
Store10-Dept2-2012-April,437058.95
Store10-Dept2-2012-May,420806.95
Store10-Dept2-2012-June,528338.10
Store10-Dept2-2012-July,428965.52
Store10-Dept2-2012-August,542014.66
Store10-Dept2-2012-September,412831.78
Store10-Dept2-2012-October,409316.78
Store10-Dept3-2010-February,113752.29
Store10-Dept3-2010-March,103256.03
Store10-Dept3-2010-April,110895.93
Store10-Dept3-2010-May,83909.80
Store10-Dept3-2010-June,78831.14
Store10-Dept3-2010-July,277930.48
Store10-Dept3-2010-August,335548.52
Store10-Dept3-2010-September,117212.93
Store10-Dept3-2010-October,106416.78
Store10-Dept3-2010-November,86703.66
Store10-Dept3-2010-December,128503.98
Store10-Dept3-2011-January,129354.11
Store10-Dept3-2011-February,110891.51
Store10-Dept3-2011-March,89590.22
Store10-Dept3-2011-April,108512.63
Store10-Dept3-2011-May,82193.46
Store10-Dept3-2011-June,73041.36
Store10-Dept3-2011-July,269871.68
Store10-Dept3-2011-August,353485.32
Store10-Dept3-2011-September,134207.15
Store10-Dept3-2011-October,86830.60
Store10-Dept3-2011-November,81127.44
Store10-Dept3-2011-December,140334.81
Store10-Dept3-2012-January,123433.44
Store10-Dept3-2012-February,102837.55
Store10-Dept3-2012-March,108986.12
Store10-Dept3-2012-April,78794.42
Store10-Dept3-2012-May,79763.11
Store10-Dept3-2012-June,96645.93
Store10-Dept3-2012-July,281532.21
Store10-Dept3-2012-August,346433.20
Store10-Dept3-2012-September,87968.12
Store10-Dept3-2012-October,79528.02
Store10-Dept4-2010-February,202802.16
Store10-Dept4-2010-March,196659.50
Store10-Dept4-2010-April,245732.75
Store10-Dept4-2010-May,196243.60
Store10-Dept4-2010-June,189435.51
Store10-Dept4-2010-July,246584.94
Store10-Dept4-2010-August,207636.16
Store10-Dept4-2010-September,196803.17
Store10-Dept4-2010-October,230194.84
Store10-Dept4-2010-November,201396.18
Store10-Dept4-2010-December,249898.59
Store10-Dept4-2011-January,203987.83
Store10-Dept4-2011-February,207142.84
Store10-Dept4-2011-March,196576.04
Store10-Dept4-2011-April,233750.04
Store10-Dept4-2011-May,189498.88
Store10-Dept4-2011-June,186931.47
Store10-Dept4-2011-July,236031.66
Store10-Dept4-2011-August,197698.75
Store10-Dept4-2011-September,234443.35
Store10-Dept4-2011-October,189046.36
Store10-Dept4-2011-November,197921.58
Store10-Dept4-2011-December,243666.06
Store10-Dept4-2012-January,203512.89
Store10-Dept4-2012-February,206625.84
Store10-Dept4-2012-March,245990.66
Store10-Dept4-2012-April,191029.61
Store10-Dept4-2012-May,187632.53
Store10-Dept4-2012-June,234209.11
Store10-Dept4-2012-July,192700.92
Store10-Dept4-2012-August,240777.65
Store10-Dept4-2012-September,183125.74
Store10-Dept4-2012-October,181227.96
Store10-Dept5-2010-February,266086.65
Store10-Dept5-2010-March,314262.33
Store10-Dept5-2010-April,346262.16
Store10-Dept5-2010-May,199024.80
Store10-Dept5-2010-June,235606.95
Store10-Dept5-2010-July,235771.05
Store10-Dept5-2010-August,175779.46
Store10-Dept5-2010-September,170367.51
Store10-Dept5-2010-October,250639.84
Store10-Dept5-2010-November,372291.14
Store10-Dept5-2010-December,740068.66
Store10-Dept5-2011-January,191075.34
Store10-Dept5-2011-February,235343.63
Store10-Dept5-2011-March,210191.75
Store10-Dept5-2011-April,275692.60
Store10-Dept5-2011-May,166473.92
Store10-Dept5-2011-June,180604.34
Store10-Dept5-2011-July,198303.88
Store10-Dept5-2011-August,159304.85
Store10-Dept5-2011-September,210163.03
Store10-Dept5-2011-October,237610.79
Store10-Dept5-2011-November,418313.20
Store10-Dept5-2011-December,532932.12
Store10-Dept5-2012-January,176378.38
Store10-Dept5-2012-February,284201.83
Store10-Dept5-2012-March,275088.22
Store10-Dept5-2012-April,182460.26
Store10-Dept5-2012-May,162468.17
Store10-Dept5-2012-June,226221.00
Store10-Dept5-2012-July,141818.20
Store10-Dept5-2012-August,188334.70
Store10-Dept5-2012-September,183172.94
